route,dayOfWeek,dayOfMonth,dayType
-0.23739360995341086,-1.4610886745247282,-0.42562975442487083,0.5850270279285217