route,dayOfWeek,dayOfMonth,dayType
0.38095238095238093,0.0,0.36666666666666664,1